[{"name": "ROMA_VICTRIX"}, {"name": "VENI_VIDI_VICI"}, {"name": "IMPERIAL_PEACE"}, {"name": "THE_ELEPHANT_IN_THE_ROME"}, {"name": "PUNIC_ATTACK"}, {"name": "HITTITE_BABY_ONE_MORE_TIME"}, {"name": "PHARAOH"}, {"name": "SMOKING_ZIGGURATS"}, {"name": "EPIC"}, {"name": "BIG_IN_JAPAN"}, {"name": "HOMES"}, {"name": "TOWERS_OF_BABEL"}, {"name": "RISE_AND_WALL"}, {"name": "NOT_THAT_IM_KEEPING_COUNT"}, {"name": "HUN_IS_THAT_YOU"}, {"name": "HERACLES"}, {"name": "ARTEMIS"}, {"name": "PARTHIAN_SHOT"}, {"name": "21ST_CENTURY"}, {"name": "AXE_TO_GRIND"}, {"name": "CUTE_CATS"}, {"name": "THE_CHOSEN_ONES"}, {"name": "DANCING_CHARIOTS"}, {"name": "MINOAN_COMPIES"}, {"name": "SCYTHESEEING"}, {"name": "SYNTAGMA"}, {"name": "WOLOLO"}, {"name": "EYE_OF_HORUS"}, {"name": "LOSING_YOUR_RELIGION"}, {"name": "ATLAS"}, {"name": "FEET_ON_THE_GROUND"}, {"name": "EYE_IN_THE_SKY"}, {"name": "ASSASSIN"}, {"name": "PERSEUS"}, {"name": "COINAGE"}, {"name": "QUARRY"}, {"name": "WOODSTOCK"}, {"name": "PEPPERONI_PIZZA"}, {"name": "MARVELOUS"}, {"name": "ARCHIMEDES"}, {"name": "PEGASUS"}, {"name": "STATE_OF_THE_ARTIFACT"}, {"name": "RUIN_THEM_ALL"}, {"name": "RES_PUBLICA"}]